2022-12-11 13:18:30,103.144.139.170,443
2022-12-11 03:56:36,185.173.34.241,443
2022-12-09 20:17:08,4.231.233.180,25310
2022-12-09 16:07:52,103.144.139.157,443
2022-12-08 07:46:42,84.38.133.197,1337
2022-12-06 21:09:59,160.20.145.136,3392
2022-12-06 08:09:12,194.5.98.198,4545
2022-12-05 18:22:13,18.158.249.75,18867
2022-12-05 12:53:07,45.137.22.111,8787
2022-12-03 18:29:25,91.192.100.36,8084
2022-12-03 07:34:45,101.43.238.170,60001
2022-12-02 19:27:37,91.178.236.90,8808
2022-12-02 19:18:48,81.68.193.9,4782
2022-12-02 07:11:43,193.233.48.17,8848
2022-12-01 15:27:14,138.99.211.39,2119
2022-11-30 19:07:07,147.185.221.212,34218
2022-11-30 01:10:27,147.189.172.218,6666
2022-11-29 02:15:52,2.58.56.22,5211
2022-11-28 15:52:48,78.166.31.7,4444
2022-11-28 15:12:07,150.253.77.7,6520
2022-11-28 11:13:28,185.81.157.202,5555
2022-11-27 02:18:35,95.211.140.160,777
2022-11-26 08:46:08,198.20.177.229,6666
2022-11-25 22:57:01,207.180.221.51,6922
2022-11-25 18:21:36,103.136.199.131,4782
2022-11-24 14:34:48,52.28.247.255,13890
2022-11-24 14:23:23,103.239.247.113,33279
2022-11-24 13:57:21,20.111.63.231,7072
2022-11-23 20:39:18,91.109.178.8,4777
2022-11-23 18:37:08,172.86.120.88,4449
2022-11-23 06:35:18,192.236.163.13,443
2022-11-23 05:48:46,8.210.121.56,10165
2022-11-22 13:50:38,193.164.17.129,443
2022-11-22 08:12:09,194.110.112.45,54956
2022-11-21 07:04:39,185.62.56.163,443
2022-11-20 11:41:51,4.227.187.147,8080
2022-11-16 07:06:08,152.89.247.216,443
2022-11-15 07:15:35,212.193.30.230,7011
2022-11-15 07:09:59,146.190.69.247,8808
2022-11-13 16:14:21,159.89.35.152,8808
2022-11-13 08:09:03,159.89.35.152,6606
2022-11-13 07:50:50,159.89.35.152,7707
2022-11-13 01:42:25,172.93.193.231,443
2022-10-11 11:53:09,45.76.184.89,92
2021-12-22 19:39:56,193.149.3.239,1938
